tag,id
.net,1
android,1
apple-m1,1
arrays,1
asp.net,1
asp.net-core,1
aws-cdk,1
azure,1
azure-rbac,1
binary-search-tree,1
binary-tree,1
blazor,1
breakpoints,1
c,1
c#,1
checkbox,1
colors,1
conditional-formatting,1
conditional-statements,1
csv,1
data-manipulation,1
dataframe,1
debugging,1
duplicates,1
eclipse,2
equality,1
event-viewer,1
exception,1
filter,1
firefox,1
flutter,1
flutter-web,1
for-loop,2
foundation,1
gcc,1
ggplot2,1
go,1
google-chrome,1
google-sheets,1
google-sheets-api,1
graph,1
http-post,1
java,4
java-8,1
javascript,4
jestjs,1
json,1
junit,1
kotlin,1
laravel,1
list,1
loops,1
mongodb,1
mongoose,1
ms-access,1
mysql,1
mysqli,1
numpy,2
ocaml,1
oop,1
openstreetmap,1
osmdroid,1
pandas,2
parallels,1
php,3
pivot-table,1
plotly-dash,1
postman,1
prisma,1
prometheus,1
prometheus-alertmanager,1
python,7
python-2.7,1
python-3.x,1
python-polars,1
quarto,1
r,5
r-markdown,1
react-hooks,1
react-native,1
react-testing-library,1
reactjs,4
real-time,1
recursion,1
regression,1
robot,1
robotframework,1
save,1
selenium,2
socket.io,1
spring-boot,1
sql,2
sql-order-by,1
sql-server,1
string,1
subscribe,1
supabase,1
supabase-database,1
swift,1
tree,1
typescript,1
unit-testing,2
unsubscribe,1
vba,1
vectorization,1
video-processing,1
visual-studio-2022,1
visual-studio-code,2
vite,1
web-worker,1
webpack,1
woocommerce,1
wordpress,1
